model,cv_rmse,test_rmse,test_r2
RandomForest,15.91302987180821,12.522557490854245,0.017958788731257447
GradientBoosting,19.805928482654267,13.205947708538432,-0.09215126069857527
XGBRegressor,18.38359336240801,12.968395110859712,-0.053212760916900415
